{
  "Iowa City" : {
    "simulation": {
      "resolution": 512,
      "terrain": "scenarios/iowa/iowa_terrain.tif",
      "worldSize": 8444,
      "heightScale": 50,
      "dt": 0.25,
      "gravity": 9.81,
      "manningCoefficient": 0.07,
      "minFluxArea": 0.01,
      "frictionMap": "scenarios/iowa/iowa_friction_better.tif",
      "sourceWaterHeight": 7,
      "sourceWaterVelocity": 0.5
    },
    "visualisation": {
      "satellite": "scenarios/iowa/iowa_sat.jpg",
      "displayHeightScale": 3,
      "maxDisplayWaterHeight": 10,
      "flowStrength": 1000,
      "flowLength": 50
    }
  },

  "Lake Isabella" : {
    "simulation": {
      "resolution": 512,
      "terrain": "scenarios/lake_isabella/terrain_main_break.tif",
      "water": "scenarios/lake_isabella/water.tif",
      "worldSize": 34000,
      "heightScale": 870,
      "dt": 0.25,
      "gravity": 9.81,
      "manningCoefficient": 0.3,
      "minFluxArea": 0.015,
      "NO_frictionMap": "scenarios/iowa/iowa_friction_better.tif",
      "sourceWaterHeight": 95,
      "sourceWaterVelocity": 0.1
    },
    "visualisation": {
      "satellite": "scenarios/lake_isabella/sat.jpg",
      "displayHeightScale": 3,
      "maxDisplayWaterHeight": 10,
      "flowStrength": 3000,
      "flowLength": 80
    }
  },

  "2D Dam Break <small>(Wet)</small>" : {
    "simulation": {
      "resolution": 256,
      "terrain": "scenarios/dam_break/dam_break_terrain.tif",
      "water": "scenarios/dam_break/dam_break_water.tif",
      "worldSize": 5.12,
      "dt": 0.004,
      "gravity": 9.81,
      "manningCoefficient": 0.013
    },
    "visualisation" : {
      "flowStrength": 8,
      "flowLength": 300,
      "gauges": [
        [2.000, 1.180, "-5A", [
          [0, 0.6, "o"],
          [1, 0.49, "o"],
          [2, 0.4, "o"],
          [3, 0.33, "o"],
          [4, 0.27, "o"],
          [5, 0.24, "o"],
          [6, 0.205, "o"],
          [7, 0.175, "o"],
          [8, 0.155, "o"],
          [9, 0.14, "o"]
        ]],
        [2.160, 2.000, "4", [
          [0, 0.6, "o"],
          [1, 0.42, "o"],
          [2, 0.31, "o"],
          [3, 0.24, "o"],
          [4, 0.2, "o"],
          [5, 0.18, "o"],
          [6, 0.15, "o"],
          [7, 0.115, "o"],
          [8, 0.095, "o"],
          [9, 0.07, "o"]
        ]],
        [2.000, 2.000, "0", [
          [0, 0.6, "o"],
          [0.29, 0.44, "o"],
          [1, 0.47, "o"],
          [2, 0.36, "o"],
          [3, 0.28, "o"],
          [4, 0.24, "o"],
          [5, 0.21, "o"],
          [6, 0.17, "o"],
          [7, 0.145, "o"],
          [8, 0.125, "o"],
          [9, 0.105, "o"]
        ]],
        [1.400, 1.480, "C", [
          [0, 0.6, "o"],
          [1, 0.5, "o"],
          [2, 0.4, "o"],
          [3, 0.35, "o"],
          [4, 0.28, "o"],
          [5, 0.235, "o"],
          [6, 0.205, "o"],
          [7, 0.18, "o"],
          [8, 0.16, "o"],
          [9, 0.145, "o"]
        ]],
        [2.000, 2.722, "8A", [
          [0, 0, "o"],
          [0.25, 0, "o"],
          [0.3, 0.18, "o"],
          [0.31, 0.1, "o"],
          [0.7, 0.12, "o"],
          [1, 0.11, "o"],
          [2, 0.065, "o"],
          [3, 0.052, "o"],
          [4, 0.050, "o"],
          [5, 0.042, "o"],
          [6, 0.043, "o"],
          [7, 0.035, "o"],
          [8, 0.030, "o"],
          [9, 0.030, "o"],
          [10, 0.025, "o"]
        ]]
      ]
    }
  },

  "2D Dam Break <small>(Dry)</small>" : {
    "simulation": {
      "resolution": 256,
      "terrain": "scenarios/dam_break/dam_break_terrain.tif",
      "water": "scenarios/dam_break/dam_break_water_dry.tif",
      "worldSize": 5.12,
      "dt": 0.004,
      "gravity": 9.81,
      "manningCoefficient": 0.013
    },
    "visualisation" : {
      "flowStrength": 4,
      "gauges": [
        [2.000, 1.180, "-5A", [
          [0, 0.6, "o"],
          [1, 0.49, "o"],
          [2, 0.4, "o"],
          [3, 0.33, "o"],
          [4, 0.27, "o"],
          [5, 0.24, "o"],
          [6, 0.205, "o"],
          [7, 0.175, "o"],
          [8, 0.155, "o"],
          [9, 0.14, "o"]
        ]],
        [2.160, 2.000, "4", [
          [0, 0.6, "o"],
          [1, 0.42, "o"],
          [2, 0.31, "o"],
          [3, 0.24, "o"],
          [4, 0.2, "o"],
          [5, 0.18, "o"],
          [6, 0.15, "o"],
          [7, 0.115, "o"],
          [8, 0.095, "o"],
          [9, 0.07, "o"]
        ]],
        [2.000, 2.000, "0", [
          [0, 0.6, "o"],
          [0.29, 0.44, "o"],
          [1, 0.47, "o"],
          [2, 0.36, "o"],
          [3, 0.28, "o"],
          [4, 0.24, "o"],
          [5, 0.21, "o"],
          [6, 0.17, "o"],
          [7, 0.145, "o"],
          [8, 0.125, "o"],
          [9, 0.105, "o"]
        ]],
        [1.400, 1.480, "C", [
          [0, 0.6, "o"],
          [1, 0.5, "o"],
          [2, 0.4, "o"],
          [3, 0.35, "o"],
          [4, 0.28, "o"],
          [5, 0.235, "o"],
          [6, 0.205, "o"],
          [7, 0.18, "o"],
          [8, 0.16, "o"],
          [9, 0.145, "o"]
        ]],
        [2.000, 2.722, "8A", [
          [0, 0, "o"],
          [0.25, 0, "o"],
          [0.3, 0.18, "o"],
          [0.31, 0.1, "o"],
          [0.7, 0.12, "o"],
          [1, 0.11, "o"],
          [2, 0.065, "o"],
          [3, 0.052, "o"],
          [4, 0.050, "o"],
          [5, 0.042, "o"],
          [6, 0.043, "o"],
          [7, 0.035, "o"],
          [8, 0.030, "o"],
          [9, 0.030, "o"],
          [10, 0.025, "o"]
        ]]
      ]
    }
  }
}